±Ç×Ó,ÓÒÑÛ,×óÑÛ,ÓÒ¶ú,×ó¶ú,ÓÒ¼ç,×ó¼ç,ÓÒÖâ,×óÖâ,ÓÒÊÖ,×óÊÖ,ÓÒ¿è,×ó¿è,ÓÒÏ¥¸Ç,×óÏ¥¸Ç,ÓÒ½Åõ×,×ó½Åõ×
"[344.8891296386719, 219.40953063964844]","[358.5185852050781, 205.7800750732422]","[324.4449768066406, 205.7800750732422]","[392.59210205078125, 226.22422790527344]","[310.8155822753906, 226.22422790527344]","[433.4803771972656, 328.4449768066406]","[276.7419738769531, 335.2596740722656]","[487.9981384277344, 437.48040771484375]","[235.8536834716797, 444.2951354980469]","[562.9600219726562, 519.2569580078125]","[154.07713317871094, 498.81280517578125]","[399.4068603515625, 566.9599609375]","[297.1861267089844, 560.1452026367188]","[378.96270751953125, 757.7719116210938]","[297.1861267089844, 737.3277587890625]","[358.5185852050781, 948.5838623046875]","[297.1861267089844, 921.3250122070312]"
"[344.7449951171875, 224.53933715820312]","[358.5116882324219, 203.88925170898438]","[324.0948791503906, 210.77261352539062]","[392.928466796875, 217.65597534179688]","[310.3281555175781, 231.42271423339844]","[434.22869873046875, 334.67315673828125]","[275.9113464355469, 334.67315673828125]","[482.4122314453125, 451.6903381347656]","[241.49452209472656, 444.8069152832031]","[558.129150390625, 513.6405639648438]","[158.89418029785156, 492.990478515625]","[399.8118896484375, 561.8241577148438]","[296.5614318847656, 561.8241577148438]","[379.1617736816406, 761.4415893554688]","[296.5614318847656, 740.7914428710938]","[351.6283264160156, 947.2922973632812]","[296.5614318847656, 926.6422729492188]"
"[344.93768310546875, 231.28553771972656]","[358.5208435058594, 210.91078186035156]","[324.56292724609375, 217.7023468017578]","[392.47882080078125, 231.28553771972656]","[304.1881408691406, 238.07711791992188]","[433.22833251953125, 339.95098876953125]","[277.02178955078125, 339.95098876953125]","[473.9779052734375, 462.1995849609375]","[243.06382751464844, 455.4079895019531]","[562.2684936523438, 516.5322875976562]","[154.77317810058594, 496.1575012207031]","[399.2703552246094, 564.0734252929688]","[297.39654541015625, 564.0734252929688]","[378.8955993652344, 767.8211059570312]","[297.39654541015625, 747.4462890625]","[351.729248046875, 957.9854736328125]","[290.6049499511719, 944.4022827148438]"
"[345.226806640625, 247.1146697998047]","[358.53460693359375, 227.15293884277344]","[325.26507568359375, 233.8068389892578]","[385.1502380371094, 240.4607391357422]","[305.3033752441406, 247.1146697998047]","[431.7275695800781, 353.5771789550781]","[272.0338439941406, 353.5771789550781]","[471.6510314941406, 466.6936340332031]","[238.76426696777344, 460.0397033691406]","[558.1517944335938, 506.6170654296875]","[152.2634735107422, 486.65533447265625]","[391.80413818359375, 579.8099975585938]","[291.99554443359375, 573.1561279296875]","[371.8424377441406, 772.7733154296875]","[291.99554443359375, 759.4655151367188]","[358.53460693359375, 972.3904418945312]","[291.99554443359375, 959.0826416015625]"
"[345.0585021972656, 257.8791809082031]","[358.5266418457031, 244.4110565185547]","[324.8563537597656, 251.1450958251953]","[385.4628601074219, 257.8791809082031]","[304.6541748046875, 264.61322021484375]","[432.6012268066406, 372.358154296875]","[277.7179260253906, 365.62408447265625]","[473.0055847167969, 486.83709716796875]","[230.5795440673828, 473.3689880371094]","[560.5482788085938, 507.03924560546875]","[149.7708740234375, 493.5711364746094]","[385.4628601074219, 608.050048828125]","[284.4519958496094, 601.3160400390625]","[378.7287902832031, 789.8695678710938]","[284.4519958496094, 783.1355590820312]","[365.2606506347656, 978.4231567382812]","[284.4519958496094, 971.6890869140625]"
"[345.25445556640625, 277.728515625]","[358.53594970703125, 257.8062744140625]","[325.33221435546875, 264.447021484375]","[391.7396545410156, 277.728515625]","[312.0507507324219, 284.3692321777344]","[431.5840759277344, 390.62109375]","[278.8470458984375, 377.339599609375]","[478.0692138671875, 503.513671875]","[225.7211151123047, 490.232177734375]","[564.3988647460938, 510.1544189453125]","[139.39149475097656, 503.513671875]","[385.098876953125, 629.687744140625]","[278.8470458984375, 623.0469970703125]","[378.4581604003906, 808.9877319335938]","[278.8470458984375, 802.3469848632812]","[358.53594970703125, 988.2877197265625]","[278.8470458984375, 988.2877197265625]"
"[345.3923645019531, 286.9414367675781]","[358.54248046875, 273.7912902832031]","[325.6671142578125, 273.7912902832031]","[391.4178771972656, 286.9414367675781]","[312.5169677734375, 293.5165100097656]","[430.8683166503906, 398.71771240234375]","[273.0665283203125, 385.56756591796875]","[483.4689636230469, 503.9189453125]","[220.4658966064453, 490.7687683105469]","[568.9448852539062, 510.4940185546875]","[128.4148406982422, 510.4940185546875]","[378.2677307128906, 635.42041015625]","[279.6416015625, 635.42041015625]","[384.84283447265625, 819.5225830078125]","[273.0665283203125, 812.947509765625]","[358.54248046875, 990.4744262695312]","[266.491455078125, 1003.6246337890625]"
"[338.1979064941406, 281.1788330078125]","[358.52252197265625, 267.62908935546875]","[324.64813232421875, 267.62908935546875]","[392.3969421386719, 287.9537353515625]","[304.3234558105469, 287.9537353515625]","[426.2713317871094, 396.3518371582031]","[270.4490661621094, 382.80206298828125]","[494.0201721191406, 497.9750671386719]","[209.47511291503906, 491.2001953125]","[568.5438842773438, 525.0745849609375]","[134.95140075683594, 518.2997436523438]","[378.84716796875, 633.4727783203125]","[277.2239685058594, 626.6978759765625]","[378.84716796875, 816.39453125]","[270.4490661621094, 816.39453125]","[358.52252197265625, 985.7664794921875]","[270.4490661621094, 999.3162841796875]"
"[339.7680358886719, 270.3293151855469]","[353.41070556640625, 249.86524963378906]","[319.3039855957031, 256.6866149902344]","[387.5174560546875, 270.3293151855469]","[305.66131591796875, 277.150634765625]","[428.4454650878906, 379.4707946777344]","[271.5545959472656, 372.6494445800781]","[489.83758544921875, 481.7909240722656]","[216.9838409423828, 481.7909240722656]","[558.0509643554688, 529.540283203125]","[135.1277313232422, 522.718994140625]","[380.696044921875, 625.0391235351562]","[278.3759460449219, 625.0391235351562]","[373.8747253417969, 802.39404296875]","[271.5545959472656, 802.39404296875]","[360.2320556640625, 986.5701904296875]","[271.5545959472656, 993.3916015625]"
"[334.45892333984375, 253.6123504638672]","[355.2987976074219, 232.7724609375]","[320.5656433105469, 239.71908569335938]","[383.0853271484375, 253.6123504638672]","[299.7257385253906, 260.55902099609375]","[417.8185119628906, 364.75848388671875]","[264.9925842285156, 357.81182861328125]","[480.3381652832031, 462.01129150390625]","[216.3661651611328, 468.95794677734375]","[542.8578491210938, 538.4242553710938]","[139.95321655273438, 524.531005859375]","[383.0853271484375, 607.8905639648438]","[278.8858337402344, 600.9439086914062]","[369.19207763671875, 795.4495849609375]","[271.939208984375, 788.5029907226562]","[355.2987976074219, 976.0619506835938]","[278.8858337402344, 962.168701171875]"
"[326.50616455078125, 234.7808074951172]","[347.0956726074219, 221.05445861816406]","[312.77978515625, 227.91761779785156]","[374.54840087890625, 241.6439666748047]","[292.1902770996094, 248.5071563720703]","[415.7274475097656, 351.454833984375]","[257.8743591308594, 351.454833984375]","[470.6328430175781, 461.26568603515625]","[216.6952667236328, 461.26568603515625]","[539.2647094726562, 543.623779296875]","[148.0635223388672, 529.8974609375]","[381.4115905761719, 598.5292358398438]","[278.4638977050781, 598.5292358398438]","[374.54840087890625, 790.6981811523438]","[271.6007080078125, 783.8350219726562]","[353.9588317871094, 969.1407470703125]","[278.4638977050781, 969.1407470703125]"
"[320.3839111328125, 231.2144317626953]","[341.7825927734375, 216.9486541748047]","[306.11810302734375, 224.08155822753906]","[370.31414794921875, 231.2144317626953]","[284.719482421875, 245.48020935058594]","[413.1114501953125, 345.34063720703125]","[256.18792724609375, 345.34063720703125]","[463.0416259765625, 459.466796875]","[220.52346801757812, 459.466796875]","[527.2376098632812, 545.0614013671875]","[149.19461059570312, 523.6627807617188]","[384.57989501953125, 594.9916381835938]","[277.58660888671875, 587.8587646484375]","[377.44696044921875, 780.4466552734375]","[277.58660888671875, 773.3137817382812]","[348.91546630859375, 944.5029907226562]","[277.58660888671875, 958.7686767578125]"
"[322.63800048828125, 232.44100952148438]","[336.962646484375, 210.95404052734375]","[301.15106201171875, 218.11636352539062]","[365.6119384765625, 232.44100952148438]","[279.6640625, 246.76565551757812]","[408.5859375, 347.0382080078125]","[251.01473999023438, 347.0382080078125]","[458.72216796875, 461.6353759765625]","[222.36544799804688, 454.47308349609375]","[523.1830444335938, 540.4209594726562]","[150.74221801757812, 518.9339599609375]","[387.09893798828125, 590.5571899414062]","[286.82635498046875, 583.3948974609375]","[379.93658447265625, 769.6152954101562]","[279.6640625, 769.6152954101562]","[344.12493896484375, 927.1864624023438]","[279.6640625, 962.9979858398438]"
"[315.5666198730469, 239.72630310058594]","[329.9407958984375, 218.1650848388672]","[301.1925048828125, 225.35215759277344]","[358.6890869140625, 232.53924560546875]","[279.63128662109375, 246.91339111328125]","[401.8115234375, 347.5324401855469]","[250.8829803466797, 347.5324401855469]","[452.12103271484375, 469.7126770019531]","[222.1346893310547, 462.5256042480469]","[523.9917602539062, 541.5834350585938]","[143.07688903808594, 512.8350830078125]","[387.4373779296875, 591.8928833007812]","[286.818359375, 584.7058715820312]","[387.4373779296875, 764.3826293945312]","[272.4442138671875, 778.7567749023438]","[337.12786865234375, 908.1240844726562]","[272.4442138671875, 965.6205444335938]"
"[310.541748046875, 243.8347930908203]","[324.7367248535156, 229.6398162841797]","[296.3467712402344, 236.7373046875]","[353.126708984375, 243.8347930908203]","[275.0542907714844, 258.02978515625]","[402.8092041015625, 357.39471435546875]","[246.66429138183594, 357.39471435546875]","[445.3941650390625, 470.95465087890625]","[211.1768341064453, 470.95465087890625]","[530.5640869140625, 534.8320922851562]","[126.00688171386719, 506.442138671875]","[381.5167236328125, 605.8070678710938]","[282.15179443359375, 605.8070678710938]","[388.6142272949219, 769.0494384765625]","[275.0542907714844, 790.3419189453125]","[338.9317626953125, 903.90185546875]","[267.956787109375, 967.7792358398438]"
"[310.2096252441406, 258.624755859375]","[324.06622314453125, 244.76812744140625]","[289.4247131347656, 251.69644165039062]","[351.7794494628906, 265.55303955078125]","[268.6398010253906, 279.40966796875]","[400.277587890625, 369.4776611328125]","[247.85487365722656, 376.40594482421875]","[441.847412109375, 480.33050537109375]","[206.28504943847656, 480.33050537109375]","[524.987060546875, 521.9003295898438]","[123.14537048339844, 508.043701171875]","[379.49267578125, 618.8965454101562]","[282.49639892578125, 618.8965454101562]","[400.277587890625, 778.2476196289062]","[268.6398010253906, 792.1041870117188]","[344.85113525390625, 916.813720703125]","[261.71148681640625, 979.1682739257812]"
"[307.6087646484375, 276.04205322265625]","[320.94232177734375, 262.7085266113281]","[287.60845947265625, 262.7085266113281]","[347.609375, 282.7088317871094]","[267.608154296875, 289.3756103515625]","[394.2767639160156, 389.37713623046875]","[240.94105529785156, 389.37713623046875]","[447.6109619140625, 496.04547119140625]","[194.27366638183594, 502.7122802734375]","[534.2789306640625, 522.7125854492188]","[107.60563659667969, 509.3790283203125]","[380.9432067871094, 636.047607421875]","[280.9416809082031, 636.047607421875]","[400.94354248046875, 789.3833618164062]","[267.608154296875, 809.3836669921875]","[347.609375, 929.385498046875]","[260.9413757324219, 982.7196044921875]"
"[310.185302734375, 284.8253173828125]","[322.78924560546875, 272.22137451171875]","[291.27935791015625, 272.22137451171875]","[347.9971618652344, 297.4292907714844]","[266.07147216796875, 303.73126220703125]","[392.11102294921875, 398.26092529296875]","[240.86354064941406, 398.26092529296875]","[448.82879638671875, 505.39453125]","[184.14573669433594, 505.39453125]","[537.0565185546875, 524.3004760742188]","[102.22003173828125, 517.9984741210938]","[379.507080078125, 644.0380249023438]","[278.6754150390625, 644.0380249023438]","[411.0169372558594, 795.2855224609375]","[272.3734436035156, 814.1914672851562]","[354.29913330078125, 940.2310180664062]","[266.07147216796875, 984.3447875976562]"
"[307.2297058105469, 279.29443359375]","[320.0618896484375, 266.4622802734375]","[287.9814453125, 272.87835693359375]","[352.1423034667969, 298.5426940917969]","[268.7331848144531, 304.95880126953125]","[390.6388244628906, 394.7840270996094]","[243.06883239746094, 394.7840270996094]","[454.7997131347656, 497.44140625]","[178.90797424316406, 503.8575134277344]","[538.2088012695312, 529.5217895507812]","[95.49882507324219, 523.105712890625]","[384.2227478027344, 645.0113525390625]","[281.56536865234375, 645.0113525390625]","[409.8871154785156, 792.5813598632812]","[268.7331848144531, 824.6617431640625]","[358.55841064453125, 940.1513671875]","[262.3171081542969, 985.0639038085938]"
"[313.6319274902344, 269.5671691894531]","[326.5714416503906, 256.62762451171875]","[294.22259521484375, 256.62762451171875]","[352.4505310058594, 282.5067138671875]","[274.81329345703125, 288.9764709472656]","[397.7388916015625, 386.0230407714844]","[242.4644317626953, 386.0230407714844]","[455.9668273925781, 489.53936767578125]","[184.23651123046875, 489.53936767578125]","[533.6040649414062, 528.3579711914062]","[106.59925842285156, 528.3579711914062]","[384.7993469238281, 638.3440551757812]","[281.2830505371094, 638.3440551757812]","[404.20867919921875, 793.6185302734375]","[268.343505859375, 825.9673461914062]","[365.39007568359375, 935.9534912109375]","[261.8737487792969, 981.2417602539062]"
"[317.4624328613281, 253.9226531982422]","[337.328369140625, 240.6786651611328]","[304.2184753417969, 240.6786651611328]","[363.8163146972656, 267.1666259765625]","[277.7304992675781, 267.1666259765625]","[396.92626953125, 366.4964294433594]","[244.62059020996094, 366.4964294433594]","[456.52410888671875, 472.44818115234375]","[191.6446990966797, 472.44818115234375]","[529.365966796875, 538.6680297851562]","[118.80282592773438, 532.0460815429688]","[383.6822814941406, 611.5098876953125]","[277.7304992675781, 618.1318969726562]","[403.5482482910156, 783.6815185546875]","[271.1085205078125, 810.1694946289062]","[363.8163146972656, 929.365234375]","[271.1085205078125, 988.9630737304688]"
"[325.0487060546875, 240.04461669921875]","[339.30633544921875, 225.7869873046875]","[303.66229248046875, 225.7869873046875]","[367.8216247558594, 254.30224609375]","[282.2758483886719, 254.30224609375]","[403.4656677246094, 354.10565185546875]","[246.6317596435547, 354.10565185546875]","[453.3673400878906, 468.16668701171875]","[196.7300567626953, 461.037841796875]","[531.7843627929688, 539.4547729492188]","[132.57073974609375, 525.1972045898438]","[382.0792236328125, 603.6141357421875]","[275.14703369140625, 603.6141357421875]","[389.2080383300781, 781.8344116210938]","[275.14703369140625, 796.092041015625]","[367.8216247558594, 931.5394897460938]","[282.2758483886719, 974.3123779296875]"
"[328.82037353515625, 234.52503967285156]","[342.5404052734375, 220.8050079345703]","[308.2403564453125, 220.8050079345703]","[369.9804382324219, 248.2450714111328]","[287.6603088378906, 248.2450714111328]","[404.2805480957031, 351.1452941894531]","[246.5001983642578, 344.2852783203125]","[459.16064453125, 460.905517578125]","[205.3401336669922, 454.0455017089844]","[527.7607421875, 543.2257080078125]","[143.60000610351562, 522.6456298828125]","[376.8404541015625, 598.1057739257812]","[273.9402770996094, 604.9657592773438]","[390.56048583984375, 776.4661254882812]","[280.80029296875, 783.3261108398438]","[369.9804382324219, 934.2463989257812]","[294.52032470703125, 947.9663696289062]"
"[334.8456726074219, 237.64707946777344]","[348.3579406738281, 224.1348114013672]","[314.5772399902344, 224.1348114013672]","[375.38250732421875, 251.1593780517578]","[294.3088073730469, 244.40321350097656]","[409.1632080078125, 352.50152587890625]","[253.77195739746094, 345.7453918457031]","[463.2123107910156, 460.59979248046875]","[219.9912567138672, 460.59979248046875]","[530.7737426757812, 541.6735229492188]","[145.67369079589844, 514.64892578125]","[375.38250732421875, 588.9664916992188]","[274.0403747558594, 588.9664916992188]","[382.1386413574219, 771.38232421875]","[280.7965393066406, 771.38232421875]","[368.62640380859375, 933.5296630859375]","[301.06494140625, 913.2612915039062]"
"[339.17901611328125, 237.4614715576172]","[352.40863037109375, 230.84666442871094]","[319.3345947265625, 230.84666442871094]","[378.8678283691406, 257.305908203125]","[299.49017333984375, 250.6910858154297]","[411.94183349609375, 356.5279846191406]","[259.80133056640625, 356.5279846191406]","[464.86029052734375, 468.9797058105469]","[226.72731018066406, 462.3648986816406]","[544.2379760742188, 541.7426147460938]","[147.34962463378906, 515.2833862304688]","[372.2530212402344, 594.6610717773438]","[273.03094482421875, 594.6610717773438]","[378.8678283691406, 773.2607421875]","[286.26055908203125, 766.64599609375]","[372.2530212402344, 945.2456665039062]","[312.71978759765625, 898.9420776367188]"
"[344.775146484375, 252.5608367919922]","[358.356201171875, 238.9797821044922]","[331.194091796875, 238.9797821044922]","[385.5183410644531, 266.14190673828125]","[304.03192138671875, 259.35137939453125]","[412.6805114746094, 367.9999694824219]","[263.2887268066406, 361.2094421386719]","[460.2142639160156, 483.4390563964844]","[229.33604431152344, 469.8580017089844]","[548.4911499023438, 530.9727783203125]","[141.05908203125, 503.8106689453125]","[378.7278137207031, 598.8781127929688]","[276.8697814941406, 598.8781127929688]","[378.7278137207031, 782.2225341796875]","[283.6603088378906, 775.4320068359375]","[371.9372863769531, 958.7764282226562]","[310.8224792480469, 897.6616821289062]"
"[352.03350830078125, 265.587158203125]","[365.06353759765625, 252.55711364746094]","[332.4884033203125, 252.55711364746094]","[391.1236267089844, 278.6172180175781]","[312.94329833984375, 272.1022033691406]","[417.1837463378906, 382.857666015625]","[267.338134765625, 369.8276062011719]","[462.7889404296875, 493.6131286621094]","[228.2479705810547, 480.58306884765625]","[553.9993286132812, 526.188232421875]","[143.55259704589844, 506.6431884765625]","[378.0935974121094, 617.3986206054688]","[280.3681945800781, 610.8836059570312]","[378.0935974121094, 793.3043212890625]","[286.8832092285156, 786.789306640625]","[371.57855224609375, 962.6950073242188]","[312.94329833984375, 904.059814453125]"
"[352.1285400390625, 277.7622985839844]","[371.41436767578125, 271.33367919921875]","[339.2713317871094, 264.90509033203125]","[397.1288146972656, 297.0481262207031]","[319.9855041503906, 290.6195068359375]","[422.8432312011719, 399.9058532714844]","[274.9852600097656, 387.0486755371094]","[467.843505859375, 509.19219970703125]","[223.55638122558594, 489.9063720703125]","[564.2726440429688, 528.4779663085938]","[139.98446655273438, 509.19219970703125]","[377.8429870605469, 631.3357543945312]","[281.4138488769531, 624.9071655273438]","[384.2716064453125, 811.3367919921875]","[281.4138488769531, 804.9081420898438]","[371.41436767578125, 965.6232299804688]","[313.556884765625, 927.0516967773438]"
"[358.56298828125, 283.0967712402344]","[371.30328369140625, 276.72662353515625]","[345.8226623535156, 276.72662353515625]","[396.7839050292969, 302.2072448730469]","[320.3420715332031, 295.8370666503906]","[428.6346740722656, 404.12969970703125]","[275.7510070800781, 391.3893737792969]","[479.5958557128906, 518.7924194335938]","[218.4196014404297, 499.6819763183594]","[568.7780151367188, 525.16259765625]","[135.6076202392578, 512.4223022460938]","[377.6734619140625, 639.8253173828125]","[282.12115478515625, 633.4551391601562]","[384.0436096191406, 824.5597534179688]","[282.12115478515625, 811.8194580078125]","[371.30328369140625, 971.0732421875]","[307.6017761230469, 939.2225341796875]"
"[358.5735168457031, 285.1689453125]","[371.1035461425781, 278.9039306640625]","[339.7784423828125, 272.638916015625]","[396.1636657714844, 303.9640197753906]","[320.98333740234375, 297.698974609375]","[427.48876953125, 404.2044372558594]","[277.128173828125, 391.6744079589844]","[483.8739929199219, 504.4448547363281]","[220.74293518066406, 491.914794921875]","[571.5844116210938, 523.2399291992188]","[139.29759216308594, 510.7098693847656]","[377.36859130859375, 636.0103759765625]","[277.128173828125, 629.7453002929688]","[383.6335754394531, 817.6961059570312]","[283.3932189941406, 811.4310913085938]","[371.1035461425781, 974.3217163085938]","[308.4532775878906, 949.2616577148438]"
"[358.5514831542969, 273.54791259765625]","[371.5226135253906, 267.06231689453125]","[345.5802917480469, 260.57672119140625]","[397.4649658203125, 293.0046691894531]","[319.637939453125, 286.5190734863281]","[429.89288330078125, 396.7740173339844]","[274.2388916015625, 377.3172607421875]","[494.74871826171875, 487.5721740722656]","[215.8686065673828, 481.08660888671875]","[572.5757446289062, 526.4857177734375]","[138.0415802001953, 513.5145263671875]","[378.0082092285156, 623.7694702148438]","[280.7244567871094, 617.2838745117188]","[378.0082092285156, 805.3658447265625]","[287.2100524902344, 798.8802490234375]","[371.5226135253906, 973.990966796875]","[306.6667785644531, 948.0487060546875]"
"[351.7781066894531, 262.53466796875]","[365.2724609375, 249.04029846191406]","[338.2837219238281, 249.04029846191406]","[392.26116943359375, 276.0290222167969]","[318.042236328125, 269.2818298339844]","[425.9970703125, 377.2366638183594]","[270.81201171875, 363.7423095703125]","[493.4687805175781, 478.4443054199219]","[223.5817413330078, 471.6971435546875]","[560.9406127929688, 525.674560546875]","[142.6156005859375, 512.1802368164062]","[378.766845703125, 606.6406860351562]","[284.30633544921875, 599.8934936523438]","[372.0196228027344, 795.5616455078125]","[291.05352783203125, 788.814453125]","[365.2724609375, 977.7353515625]","[304.5478820800781, 950.7467041015625]"
"[352.17767333984375, 244.06594848632812]","[371.3294677734375, 231.29806518554688]","[339.4098205566406, 231.29806518554688]","[390.48126220703125, 263.2177734375]","[313.8740539550781, 250.4498748779297]","[422.40093994140625, 358.976806640625]","[269.1865234375, 352.59283447265625]","[486.2403259277344, 461.1197509765625]","[224.4989471435547, 454.73583984375]","[556.4635620117188, 531.343017578125]","[154.27566528320312, 512.1912231445312]","[377.7134094238281, 595.182373046875]","[281.9543762207031, 588.7984619140625]","[371.3294677734375, 780.3165283203125]","[288.33831787109375, 767.5486450195312]","[358.5616149902344, 965.4505615234375]","[301.106201171875, 939.9148559570312]"
"[345.39239501953125, 237.83680725097656]","[365.0442199707031, 224.73558044433594]","[332.2911682128906, 224.73558044433594]","[391.2466735839844, 250.9380340576172]","[306.0887451171875, 244.3874053955078]","[423.999755859375, 349.1972351074219]","[266.7850646972656, 342.6466064453125]","[482.9552917480469, 460.5576171875]","[227.4813690185547, 454.00701904296875]","[555.0119018554688, 532.6143798828125]","[155.4246368408203, 512.9625244140625]","[378.14544677734375, 585.019287109375]","[286.4368896484375, 578.4686279296875]","[371.5948791503906, 774.9869995117188]","[292.98748779296875, 761.8858032226562]","[351.9430236816406, 951.853515625]","[299.5381164550781, 925.6510620117188]"
"[344.1732482910156, 226.06057739257812]","[363.9864807128906, 212.8517303466797]","[330.96441650390625, 212.8517303466797]","[390.4042053222656, 245.87384033203125]","[304.5467224121094, 245.87384033203125]","[423.42626953125, 344.940185546875]","[264.9201965332031, 338.33575439453125]","[482.8660888671875, 457.21533203125]","[231.89808654785156, 450.61090087890625]","[555.5146484375, 536.4683837890625]","[159.2494659423828, 516.6550903320312]","[383.7997741699219, 576.0949096679688]","[291.337890625, 569.490478515625]","[377.1953125, 767.6231079101562]","[297.9422912597656, 754.4142456054688]","[350.77764892578125, 945.9423828125]","[297.9422912597656, 919.5247192382812]"
"[343.2624816894531, 226.00047302246094]","[356.22967529296875, 213.03329467773438]","[323.81170654296875, 219.51687622070312]","[382.1640319824219, 245.45126342773438]","[304.36090087890625, 245.45126342773438]","[421.06561279296875, 349.18878173828125]","[265.4593505859375, 342.70513916015625]","[472.934326171875, 459.40985107421875]","[233.04136657714844, 452.92626953125]","[550.7374877929688, 530.7293701171875]","[155.23826599121094, 511.27862548828125]","[388.64764404296875, 576.1145629882812]","[291.39373779296875, 569.6309204101562]","[369.19683837890625, 764.138671875]","[297.8773193359375, 751.1715087890625]","[349.7460632324219, 952.162841796875]","[297.8773193359375, 926.2284545898438]"
"[339.3159484863281, 240.65724182128906]","[358.55859375, 221.4145965576172]","[320.0732727050781, 227.8288116455078]","[384.2154846191406, 247.07147216796875]","[300.8305969238281, 253.48568725585938]","[416.28656005859375, 356.11322021484375]","[268.7595520019531, 349.6990051269531]","[467.6003112792969, 471.56915283203125]","[243.10264587402344, 458.7406921386719]","[550.9851684570312, 522.8828735351562]","[153.30357360839844, 510.0544128417969]","[384.2154846191406, 587.0250854492188]","[288.002197265625, 580.6109008789062]","[364.9728088378906, 773.037353515625]","[294.4164123535156, 760.208984375]","[345.7301330566406, 959.0496826171875]","[294.4164123535156, 933.3927612304688]"
"[338.5028381347656, 254.7137451171875]","[351.8558654785156, 234.6842041015625]","[318.4732971191406, 241.3607177734375]","[378.5619201660156, 261.3902587890625]","[298.44378662109375, 268.0667724609375]","[418.6209411621094, 368.21441650390625]","[271.73773193359375, 361.53790283203125]","[465.3565673828125, 481.71514892578125]","[238.3551483154297, 475.03863525390625]","[552.1511840820312, 515.0977172851562]","[151.5605010986328, 501.74468994140625]","[385.2383728027344, 595.2158203125]","[285.09075927734375, 595.2158203125]","[371.8854064941406, 782.1580810546875]","[291.76727294921875, 762.1285400390625]","[351.8558654785156, 975.77685546875]","[291.76727294921875, 949.07080078125]"
"[338.9743347167969, 266.05487060546875]","[352.0231628417969, 253.00601196289062]","[319.40106201171875, 259.53045654296875]","[384.645263671875, 279.10369873046875]","[299.82781982421875, 292.15252685546875]","[423.791748046875, 390.018798828125]","[273.7301330566406, 376.969970703125]","[462.938232421875, 500.9339294433594]","[234.58360290527344, 481.36065673828125]","[560.8045654296875, 520.5071411132812]","[149.7661895751953, 507.4583435058594]","[378.1208190917969, 618.3734130859375]","[286.77899169921875, 611.8489990234375]","[371.5964050292969, 807.5816040039062]","[293.30340576171875, 794.53271484375]","[345.4987487792969, 990.2651977539062]","[286.77899169921875, 977.2163696289062]"
"[339.3006286621094, 282.4187927246094]","[352.1389465332031, 269.5804748535156]","[320.0431213378906, 275.9996337890625]","[384.2347106933594, 288.83795166015625]","[300.78564453125, 301.67626953125]","[422.7497253417969, 404.38287353515625]","[275.1090087890625, 391.5445251464844]","[474.1029968261719, 519.9277954101562]","[223.7556915283203, 494.2510986328125]","[563.9712524414062, 519.9277954101562]","[140.3065948486328, 513.5086059570312]","[377.8155822753906, 635.47265625]","[281.5281677246094, 629.0535278320312]","[371.3964538574219, 815.2091674804688]","[287.94732666015625, 802.370849609375]","[345.71978759765625, 988.5264892578125]","[281.5281677246094, 988.5264892578125]"
"[338.8111267089844, 295.63262939453125]","[351.9652404785156, 282.4784851074219]","[319.0799255371094, 289.0555725097656]","[384.8505859375, 302.2096862792969]","[299.3487243652344, 315.36383056640625]","[424.31298828125, 414.01983642578125]","[273.0404357910156, 400.86572265625]","[476.9294738769531, 519.2529296875]","[213.84681701660156, 506.0987548828125]","[569.0084838867188, 519.2529296875]","[134.92201232910156, 519.2529296875]","[378.27349853515625, 650.7942504882812]","[279.6175231933594, 644.2172241210938]","[378.27349853515625, 828.3750610351562]","[286.194580078125, 815.2208862304688]","[345.3881530761719, 986.2245483398438]","[273.0404357910156, 992.8016357421875]"
"[338.89605712890625, 295.3294677734375]","[351.995361328125, 282.2301330566406]","[319.2470397949219, 282.2301330566406]","[384.74371337890625, 295.3294677734375]","[299.5980224609375, 308.4288330078125]","[424.041748046875, 406.67388916015625]","[273.39935302734375, 400.12420654296875]","[482.9888000488281, 511.4685974121094]","[214.4523162841797, 498.3692626953125]","[568.1344604492188, 524.5679321289062]","[135.8562469482422, 524.5679321289062]","[378.1940612792969, 649.0116577148438]","[279.9490051269531, 642.4619750976562]","[378.1940612792969, 825.8527221679688]","[279.9490051269531, 819.3031005859375]","[345.4457092285156, 983.0447387695312]","[273.39935302734375, 989.5944213867188]"
"[332.0603332519531, 281.8360290527344]","[345.2802429199219, 268.61614990234375]","[318.8404541015625, 275.22607421875]","[371.719970703125, 281.8360290527344]","[299.0106201171875, 295.055908203125]","[424.5995178222656, 394.2050476074219]","[265.9609375, 387.5950927734375]","[490.69891357421875, 493.35418701171875]","[213.0813751220703, 486.7442321777344]","[563.4083251953125, 533.0138549804688]","[140.37200927734375, 526.4038696289062]","[378.3299560546875, 625.5530395507812]","[279.1807861328125, 625.5530395507812]","[378.3299560546875, 804.0214233398438]","[279.1807861328125, 797.4115600585938]","[351.89013671875, 982.4898071289062]","[279.1807861328125, 975.8798217773438]"
"[324.0063171386719, 265.1656494140625]","[337.7628173828125, 251.4091339111328]","[310.24981689453125, 258.28741455078125]","[365.2757873535156, 265.1656494140625]","[289.6150817871094, 278.9221496582031]","[420.3017578125, 375.2176513671875]","[268.9803466796875, 375.2176513671875]","[482.20599365234375, 478.391357421875]","[220.8325958251953, 478.391357421875]","[550.9884643554688, 540.2955932617188]","[145.17184448242188, 526.5390625]","[385.9105529785156, 609.0780639648438]","[289.6150817871094, 609.0780639648438]","[372.154052734375, 787.9124755859375]","[275.85858154296875, 781.0342407226562]","[351.519287109375, 980.5033569335938]","[282.73681640625, 966.7468872070312]"
"[321.7074890136719, 251.23046875]","[335.9666748046875, 229.84169006347656]","[300.31866455078125, 236.97129821777344]","[364.48504638671875, 251.23046875]","[286.05950927734375, 265.48968505859375]","[414.39215087890625, 358.1744079589844]","[257.5411376953125, 358.1744079589844]","[471.428955078125, 457.98870849609375]","[221.89317321777344, 472.2478942871094]","[542.724853515625, 536.4142456054688]","[150.5972137451172, 522.155029296875]","[385.8738098144531, 593.4509887695312]","[286.05950927734375, 593.4509887695312]","[371.6146240234375, 785.9500122070312]","[278.929931640625, 778.8203735351562]","[350.2258605957031, 978.4489135742188]","[278.929931640625, 957.0601196289062]"
"[316.37982177734375, 242.56275939941406]","[330.10064697265625, 221.98146057128906]","[295.79852294921875, 228.84190368652344]","[364.40283203125, 242.56275939941406]","[282.07763671875, 256.28363037109375]","[412.42578125, 345.4692077636719]","[261.496337890625, 352.32965087890625]","[467.3092041015625, 462.09649658203125]","[227.19418334960938, 468.9569396972656]","[535.9135131835938, 544.421630859375]","[151.7294921875, 523.8403930664062]","[384.984130859375, 592.4446411132812]","[282.07763671875, 592.4446411132812]","[378.1236572265625, 777.6762084960938]","[282.07763671875, 770.8157958984375]","[350.68194580078125, 949.1868896484375]","[282.07763671875, 949.1868896484375]"
"[312.681640625, 238.35362243652344]","[326.43408203125, 224.60121154785156]","[298.9293212890625, 231.47743225097656]","[360.8150634765625, 238.35362243652344]","[278.3006591796875, 252.1060333251953]","[415.82470703125, 348.37286376953125]","[257.672119140625, 355.24908447265625]","[463.95806884765625, 458.3920593261719]","[230.16726684570312, 465.2682800292969]","[532.7200927734375, 540.9064331054688]","[154.529052734375, 520.27783203125]","[388.31988525390625, 589.0398559570312]","[292.0531005859375, 582.1636352539062]","[381.44366455078125, 767.821044921875]","[292.0531005859375, 767.821044921875]","[340.1865234375, 925.9736328125]","[285.1768798828125, 967.2307739257812]"
"[312.9327697753906, 242.08642578125]","[326.42523193359375, 221.8477325439453]","[292.694091796875, 228.59396362304688]","[353.4101867675781, 242.08642578125]","[272.45538330078125, 262.32513427734375]","[414.1262512207031, 350.02618408203125]","[252.21669006347656, 356.77239990234375]","[461.3498840332031, 464.71209716796875]","[231.9779815673828, 471.4583740234375]","[535.5585327148438, 532.1744995117188]","[151.023193359375, 518.6820068359375]","[393.8876037597656, 592.8905639648438]","[292.694091796875, 592.8905639648438]","[393.8876037597656, 761.54638671875]","[292.694091796875, 768.2926025390625]","[339.917724609375, 889.7247924804688]","[285.9478759765625, 977.42578125]"
"[310.22705078125, 249.93104553222656]","[324.24053955078125, 235.91757202148438]","[289.20684814453125, 242.92430114746094]","[352.2674255371094, 249.93104553222656]","[268.1866455078125, 270.9512939453125]","[401.3146057128906, 362.038818359375]","[254.1731414794922, 369.0455322265625]","[457.36846923828125, 474.1466064453125]","[226.14622497558594, 481.1533203125]","[541.4492797851562, 530.200439453125]","[142.06541442871094, 509.18023681640625]","[387.3011169433594, 600.2677612304688]","[289.20684814453125, 600.2677612304688]","[401.3146057128906, 747.4092407226562]","[296.21356201171875, 775.4360961914062]","[331.24725341796875, 873.5303955078125]","[289.20684814453125, 978.6314086914062]"
"[310.4786376953125, 263.1534118652344]","[324.2029724121094, 249.42909240722656]","[289.89215087890625, 256.291259765625]","[351.651611328125, 263.1534118652344]","[276.1678161621094, 276.87774658203125]","[406.5489807128906, 372.94805908203125]","[255.58128356933594, 379.81024169921875]","[454.5841369628906, 489.60491943359375]","[221.2704620361328, 489.60491943359375]","[543.7922973632812, 517.0535278320312]","[138.92445373535156, 510.1913757324219]","[392.8246154785156, 606.26171875]","[289.89215087890625, 613.1239013671875]","[413.4111328125, 743.5050659179688]","[289.89215087890625, 798.40234375]","[337.92730712890625, 846.4375]","[283.0299987792969, 983.6807861328125]"
"[311.9040222167969, 282.20745849609375]","[325.2268371582031, 262.22320556640625]","[291.9197692871094, 268.8846435546875]","[351.8724670410156, 282.20745849609375]","[271.935546875, 295.5302734375]","[405.1637268066406, 388.7900085449219]","[251.95130920410156, 395.451416015625]","[458.4550476074219, 495.3725891113281]","[205.32142639160156, 502.03399658203125]","[545.0532836914062, 515.3567504882812]","[125.38450622558594, 508.6954040527344]","[391.8409118652344, 621.9393310546875]","[298.5811767578125, 628.6007690429688]","[418.486572265625, 755.16748046875]","[291.9197692871094, 808.4588012695312]","[345.2110290527344, 848.42724609375]","[285.2583923339844, 981.6554565429688]"
"[313.0532531738281, 296.7525939941406]","[326.05230712890625, 277.25396728515625]","[293.5545959472656, 283.75347900390625]","[352.0505065917969, 296.7525939941406]","[274.0559387207031, 303.25213623046875]","[404.046875, 400.7453308105469]","[248.05775451660156, 407.244873046875]","[462.5427551269531, 504.738037109375]","[196.0614013671875, 517.7371215820312]","[547.0368041992188, 511.23760986328125]","[111.56730651855469, 517.7371215820312]","[391.04779052734375, 628.2294311523438]","[293.5545959472656, 634.7288818359375]","[430.0450744628906, 758.2203369140625]","[287.0550537109375, 810.2166748046875]","[358.550048828125, 862.2130126953125]","[287.0550537109375, 985.704345703125]"
"[314.1723937988281, 296.3819885253906]","[333.1981506347656, 283.6981506347656]","[295.1466369628906, 290.0400695800781]","[358.5658264160156, 302.7239074707031]","[276.1208801269531, 309.0658264160156]","[402.959228515625, 410.5365295410156]","[250.75318908691406, 410.5365295410156]","[466.37841796875, 505.6653137207031]","[187.33399963378906, 518.3491821289062]","[555.165283203125, 518.3491821289062]","[104.88905334472656, 524.6911010742188]","[390.275390625, 632.5037231445312]","[295.1466369628906, 638.8455810546875]","[434.6688537597656, 759.3421020507812]","[288.8047180175781, 822.7612915039062]","[364.90771484375, 873.4966430664062]","[288.8047180175781, 993.9929809570312]"
"[319.7730712890625, 297.91973876953125]","[339.1633605957031, 278.5294189453125]","[300.38275146484375, 278.5294189453125]","[365.01708984375, 297.91973876953125]","[280.992431640625, 304.3831787109375]","[403.7977294921875, 401.3347473144531]","[255.13868713378906, 401.3347473144531]","[468.43206787109375, 498.2862854003906]","[190.5043182373047, 504.74969482421875]","[552.4567260742188, 524.1400146484375]","[112.94306945800781, 530.6034545898438]","[397.33428955078125, 627.554931640625]","[300.38275146484375, 640.4818725585938]","[436.1148986816406, 763.287109375]","[287.45587158203125, 814.9945678710938]","[377.9440002441406, 892.5558471679688]","[287.45587158203125, 989.5073852539062]"
"[324.7403869628906, 278.65899658203125]","[345.0107727050781, 258.38861083984375]","[304.4700012207031, 265.1454162597656]","[372.0379638671875, 278.65899658203125]","[284.1996154785156, 285.4158020019531]","[405.8218994140625, 386.76776123046875]","[257.1723937988281, 386.76776123046875]","[466.6330871582031, 494.87646484375]","[196.36122131347656, 494.87646484375]","[547.7146606445312, 535.4172973632812]","[128.79327392578125, 535.4172973632812]","[399.0650939941406, 616.498779296875]","[297.7131652832031, 623.255615234375]","[432.8490905761719, 771.9050903320312]","[290.9563903808594, 805.6890869140625]","[378.79473876953125, 920.5545654296875]","[290.9563903808594, 988.12255859375]"
"[330.59600830078125, 258.44140625]","[344.5491943359375, 244.4882354736328]","[309.6662902832031, 244.4882354736328]","[379.4320983886719, 265.41802978515625]","[288.7365417480469, 265.41802978515625]","[414.3150634765625, 370.0667724609375]","[260.8302307128906, 370.0667724609375]","[470.1277160644531, 481.69207763671875]","[205.0175323486328, 481.69207763671875]","[546.8701782226562, 544.4813232421875]","[135.25169372558594, 537.5047607421875]","[400.36187744140625, 607.2705688476562]","[302.6897277832031, 607.2705688476562]","[428.2681579589844, 774.7085571289062]","[295.713134765625, 795.6383056640625]","[386.4087219238281, 928.193359375]","[295.713134765625, 977.0294189453125]"
"[329.4490051269531, 248.88162231445312]","[344.1418762207031, 234.188720703125]","[314.7560729980469, 234.188720703125]","[380.8741455078125, 248.88162231445312]","[292.71673583984375, 256.22808837890625]","[417.6064453125, 366.4249267578125]","[263.33087158203125, 359.07843017578125]","[469.0316162109375, 476.62176513671875]","[219.2521514892578, 476.62176513671875]","[542.49609375, 550.0862426757812]","[145.78761291503906, 528.046875]","[402.91351318359375, 608.8578491210938]","[300.06317138671875, 616.204345703125]","[410.260009765625, 785.1727294921875]","[300.06317138671875, 799.8656616210938]","[388.22064208984375, 939.4483642578125]","[300.06317138671875, 976.1804809570312]"
"[336.406494140625, 242.1245574951172]","[356.9554443359375, 228.42529296875]","[322.7072448730469, 228.42529296875]","[384.3539733886719, 248.97418212890625]","[302.1583251953125, 248.97418212890625]","[418.6021728515625, 358.56842041015625]","[267.9101257324219, 351.71881103515625]","[473.3992919921875, 481.8619384765625]","[226.81227111816406, 468.16265869140625]","[548.7453002929688, 550.3583374023438]","[151.4662628173828, 529.8093872070312]","[398.05322265625, 598.3057861328125]","[295.3086853027344, 598.3057861328125]","[411.75250244140625, 783.2460327148438]","[295.3086853027344, 783.2460327148438]","[384.3539733886719, 947.6373291015625]","[315.8575744628906, 947.6373291015625]"
"[338.8197021484375, 243.28414916992188]","[359.0796203613281, 229.7775115966797]","[325.31304931640625, 229.7775115966797]","[392.8462219238281, 250.03746032714844]","[311.8064270019531, 250.03746032714844]","[426.6127624511719, 358.09051513671875]","[271.2865295410156, 358.09051513671875]","[480.63934326171875, 479.6502685546875]","[237.5199432373047, 472.89691162109375]","[554.92578125, 553.9366455078125]","[149.72682189941406, 520.1701049804688]","[399.59954833984375, 594.4566040039062]","[298.2997741699219, 594.4566040039062]","[406.35284423828125, 783.5493774414062]","[305.0531005859375, 776.7960815429688]","[392.8462219238281, 965.888916015625]","[318.55975341796875, 932.122314453125]"
"[344.2614440917969, 249.72659301757812]","[365.6022644042969, 235.49935913085938]","[330.0341796875, 235.49935913085938]","[394.0567321777344, 256.8402404785156]","[315.80694580078125, 256.8402404785156]","[429.6247863769531, 363.54449462890625]","[273.1252746582031, 363.54449462890625]","[479.4201354980469, 484.4759216308594]","[237.5571746826172, 477.3623046875]","[557.6698608398438, 548.4984741210938]","[152.19378662109375, 520.0440063476562]","[394.0567321777344, 598.2938232421875]","[294.46612548828125, 598.2938232421875]","[401.1703796386719, 797.4749755859375]","[301.5797424316406, 783.247802734375]","[394.0567321777344, 982.428955078125]","[322.9205627441406, 918.406494140625]"
"[358.5159606933594, 262.1443786621094]","[372.1972351074219, 248.4630889892578]","[337.9940490722656, 248.4630889892578]","[399.5597229003906, 268.9849853515625]","[324.3128356933594, 262.1443786621094]","[433.7628479003906, 378.43505859375]","[283.26904296875, 371.59442138671875]","[481.6472473144531, 494.7257080078125]","[242.2252655029297, 487.88507080078125]","[570.5755004882812, 542.6101684570312]","[153.29708862304688, 515.2476196289062]","[399.5597229003906, 611.016357421875]","[296.9502868652344, 611.016357421875]","[399.5597229003906, 795.71337890625]","[290.10968017578125, 782.0321044921875]","[392.7190856933594, 980.4102783203125]","[317.47216796875, 932.52587890625]"
"[365.36151123046875, 274.8039855957031]","[379.0537109375, 261.11175537109375]","[344.82318115234375, 261.11175537109375]","[406.4381408691406, 281.65008544921875]","[324.28485107421875, 281.65008544921875]","[440.668701171875, 391.1878356933594]","[290.0543212890625, 384.34173583984375]","[488.5914306640625, 507.5716857910156]","[242.1315460205078, 493.87945556640625]","[577.5908813476562, 534.9561157226562]","[159.97825622558594, 514.4177856445312]","[399.592041015625, 630.8015747070312]","[296.9004211425781, 623.9555053710938]","[399.592041015625, 815.6465454101562]","[283.20819091796875, 801.954345703125]","[392.7459411621094, 993.6453247070312]","[310.5926513671875, 966.2608032226562]"
"[365.2513427734375, 284.5760803222656]","[385.4222717285156, 271.1287536621094]","[351.80401611328125, 271.1287536621094]","[412.31695556640625, 298.02337646484375]","[331.6330261230469, 291.29974365234375]","[445.93524169921875, 405.6019592285156]","[291.2910461425781, 398.8782653808594]","[499.72454833984375, 519.9041748046875]","[237.5017852783203, 506.45684814453125]","[587.132080078125, 533.3515014648438]","[156.81784057617188, 519.9041748046875]","[398.8695983886719, 647.6536865234375]","[298.01470947265625, 647.6536865234375]","[405.59326171875, 829.1925048828125]","[284.5673828125, 822.4688720703125]","[392.1459655761719, 1004.0076293945312]","[304.7384033203125, 990.5603637695312]"
"[371.63421630859375, 293.541015625]","[384.722900390625, 280.4523620605469]","[352.0012512207031, 280.4523620605469]","[417.44451904296875, 300.0853271484375]","[332.3682556152344, 306.6296691894531]","[450.16619873046875, 411.3389587402344]","[293.1022644042969, 398.25030517578125]","[509.0651550292969, 516.0482177734375]","[234.2032928466797, 509.50390625]","[594.1414184570312, 529.1369018554688]","[149.12698364257812, 522.5925903320312]","[404.35589599609375, 653.4791259765625]","[293.1022644042969, 653.4791259765625]","[404.35589599609375, 836.7203979492188]","[286.5579528808594, 830.176025390625]","[391.2672424316406, 1006.8729248046875]","[299.6466064453125, 1000.32861328125]"
"[371.476806640625, 284.73931884765625]","[390.8611755371094, 278.27783203125]","[358.5538635253906, 271.8163757324219]","[416.70703125, 304.1236877441406]","[332.7080078125, 297.6622314453125]","[449.01434326171875, 407.5071105957031]","[293.9392395019531, 394.5841979980469]","[513.6289672851562, 504.4290466308594]","[235.78602600097656, 497.9676208496094]","[597.6279907226562, 530.27490234375]","[151.78701782226562, 523.8134155273438]","[397.3226623535156, 646.5812377929688]","[293.9392395019531, 646.5812377929688]","[403.7840881347656, 833.9636840820312]","[281.01629638671875, 827.5022583007812]","[390.8611755371094, 1008.4231567382812]","[300.4006652832031, 995.5001831054688]"
"[372.11260986328125, 277.1568603515625]","[385.7048034667969, 263.5646667480469]","[351.7243347167969, 263.5646667480469]","[412.88916015625, 283.95294189453125]","[331.3360595703125, 283.95294189453125]","[446.86962890625, 392.6904296875]","[290.5594787597656, 379.0982360839844]","[514.8305053710938, 487.83575439453125]","[236.1907196044922, 487.83575439453125]","[596.3836669921875, 535.408447265625]","[154.6376190185547, 521.8162231445312]","[399.2969970703125, 630.5537719726562]","[297.3555908203125, 630.5537719726562]","[399.2969970703125, 820.8442993164062]","[283.7633972167969, 807.2521362304688]","[392.5008850097656, 997.5426635742188]","[304.15167236328125, 977.1543579101562]"
"[365.4359130859375, 256.39947509765625]","[386.2222900390625, 242.54188537597656]","[351.578369140625, 242.54188537597656]","[413.9373779296875, 263.3282470703125]","[330.7919921875, 263.3282470703125]","[441.65252685546875, 374.1887512207031]","[289.2193603515625, 367.25994873046875]","[510.9403076171875, 478.12042236328125]","[240.71788024902344, 478.12042236328125]","[587.1568603515625, 540.4794311523438]","[157.57252502441406, 526.6218872070312]","[400.079833984375, 609.7672119140625]","[296.14813232421875, 602.8385009765625]","[393.1510314941406, 803.7730712890625]","[296.14813232421875, 789.91552734375]","[386.2222900390625, 997.7788696289062]","[303.076904296875, 963.135009765625]"
"[365.4547119140625, 240.4222869873047]","[379.3539123535156, 226.5230255126953]","[344.6058349609375, 226.5230255126953]","[407.1524658203125, 247.3719024658203]","[330.7065734863281, 247.3719024658203]","[441.9005432128906, 351.6163024902344]","[289.0088195800781, 351.6163024902344]","[497.4975891113281, 455.8606872558594]","[240.36143493652344, 462.810302734375]","[566.9938354492188, 532.3065185546875]","[163.91555786132812, 525.35693359375]","[400.2027893066406, 594.8531494140625]","[302.9080810546875, 587.903564453125]","[386.3035888671875, 789.4426879882812]","[295.95843505859375, 775.5433959960938]","[386.3035888671875, 977.08251953125]","[302.9080810546875, 956.2337036132812]"
"[358.5028991699219, 227.6946258544922]","[372.445068359375, 213.75242614746094]","[337.58966064453125, 213.75242614746094]","[407.300537109375, 234.6656951904297]","[323.6474609375, 241.63681030273438]","[442.1560363769531, 346.20318603515625]","[281.8208923339844, 346.20318603515625]","[497.9247131347656, 450.7695617675781]","[239.9943389892578, 457.74066162109375]","[567.6356811523438, 534.4226684570312]","[170.28343200683594, 520.4804077148438]","[400.3294372558594, 583.2202758789062]","[302.73419189453125, 576.2492065429688]","[393.3583679199219, 778.4108276367188]","[302.73419189453125, 764.4686889648438]","[372.445068359375, 966.6301879882812]","[302.73419189453125, 938.7457885742188]"
"[352.15093994140625, 225.13006591796875]","[373.0581359863281, 211.19195556640625]","[338.2128601074219, 211.19195556640625]","[400.9343566894531, 232.09912109375]","[317.3056945800781, 239.06817626953125]","[442.7486267089844, 336.63494873046875]","[282.46044921875, 343.60400390625]","[491.5320129394531, 455.10882568359375]","[247.6151580810547, 455.10882568359375]","[568.1915893554688, 531.7683715820312]","[170.95558166503906, 517.830322265625]","[400.9343566894531, 580.5517578125]","[303.3675842285156, 573.5827026367188]","[386.9962158203125, 768.7161254882812]","[303.3675842285156, 754.778076171875]","[366.0890808105469, 963.849609375]","[303.3675842285156, 935.9733276367188]"
"[351.4267272949219, 222.35887145996094]","[365.5600280761719, 215.292236328125]","[337.2934265136719, 215.292236328125]","[400.8932189941406, 236.49215698242188]","[316.093505859375, 236.49215698242188]","[436.2264099121094, 342.4918212890625]","[280.76031494140625, 342.4918212890625]","[492.7595520019531, 455.55804443359375]","[252.4937286376953, 455.55804443359375]","[570.4926147460938, 533.2910766601562]","[167.6940460205078, 512.0911865234375]","[400.8932189941406, 582.757568359375]","[301.960205078125, 575.69091796875]","[386.7599182128906, 766.490234375]","[301.960205078125, 752.35693359375]","[365.5600280761719, 957.28955078125]","[301.960205078125, 936.089599609375]"
"[351.7523498535156, 229.59410095214844]","[372.0641784667969, 222.82350158691406]","[338.2112121582031, 222.82350158691406]","[399.14654541015625, 243.1352996826172]","[317.8993835449219, 249.90589904785156]","[439.7701110839844, 351.4648742675781]","[277.2757873535156, 351.4648742675781]","[487.1643371582031, 466.5650634765625]","[250.1934051513672, 459.79443359375]","[581.9526977539062, 527.5004272460938]","[162.17564392089844, 507.1886291503906]","[405.9171447753906, 588.4357299804688]","[297.58758544921875, 581.6652221679688]","[385.6053466796875, 784.7830810546875]","[304.3581848144531, 771.2418823242188]","[365.2935791015625, 981.13037109375]","[297.58758544921875, 954.0479736328125]"
"[351.6605224609375, 245.70445251464844]","[372.2227783203125, 231.9962921142578]","[337.9523620605469, 231.9962921142578]","[399.6391296386719, 252.5585479736328]","[317.3901062011719, 259.4126281738281]","[433.9095458984375, 362.2239074707031]","[283.11968994140625, 362.2239074707031]","[488.7421875, 478.74334716796875]","[248.84925842285156, 471.8892517089844]","[584.6994018554688, 519.8678588867188]","[159.7461700439453, 499.30560302734375]","[399.6391296386719, 595.2627563476562]","[296.827880859375, 595.2627563476562]","[385.93096923828125, 787.1771240234375]","[303.68194580078125, 780.3230590820312]","[372.2227783203125, 992.7996215820312]","[296.827880859375, 972.2373046875]"
"[351.7615661621094, 265.2801513671875]","[365.2859802246094, 251.75570678710938]","[338.2371520996094, 251.75570678710938]","[399.0970153808594, 272.0423583984375]","[317.9505615234375, 278.8045654296875]","[439.67022705078125, 386.99981689453125]","[284.1395568847656, 380.23760986328125]","[487.00567626953125, 488.432861328125]","[236.8041229248047, 481.670654296875]","[588.438720703125, 515.481689453125]","[148.89544677734375, 501.957275390625]","[399.0970153808594, 616.9147338867188]","[297.6639709472656, 610.1525268554688]","[392.3348083496094, 799.4942626953125]","[297.6639709472656, 792.7320556640625]","[372.0481872558594, 995.59814453125]","[297.6639709472656, 988.8359375]"
"[351.94293212890625, 271.9169616699219]","[371.7350158691406, 258.72222900390625]","[338.7481689453125, 265.3196105957031]","[398.1244812011719, 285.1117248535156]","[318.9560546875, 291.7090759277344]","[437.7087097167969, 403.8643493652344]","[285.9692077636719, 384.072265625]","[497.0849914550781, 502.82489013671875]","[226.59288024902344, 496.2275085449219]","[596.0455932617188, 516.0195922851562]","[134.22972106933594, 509.4222717285156]","[398.1244812011719, 628.1748657226562]","[292.56658935546875, 628.1748657226562]","[391.527099609375, 819.49853515625]","[292.56658935546875, 812.9011840820312]","[371.7350158691406, 997.62744140625]","[292.56658935546875, 1004.224853515625]"
"[352.0016174316406, 285.6762390136719]","[365.089599609375, 266.0442199707031]","[332.3695983886719, 272.5882263183594]","[397.8096618652344, 292.2202453613281]","[312.737548828125, 298.7642517089844]","[437.07373046875, 410.0124206542969]","[280.01751708984375, 390.3804016113281]","[502.5138244628906, 501.6285705566406]","[214.57740783691406, 488.54052734375]","[607.2179565429688, 521.2605590820312]","[122.96128845214844, 514.716552734375]","[391.26568603515625, 645.5967407226562]","[293.10552978515625, 639.052734375]","[391.26568603515625, 835.3729248046875]","[286.5615234375, 822.2849731445312]","[371.6336364746094, 998.9730834960938]","[286.5615234375, 1012.0611572265625]"
"[345.32830810546875, 275.59820556640625]","[365.14501953125, 262.3870544433594]","[325.5115661621094, 268.99261474609375]","[391.5673522949219, 288.809326171875]","[312.3004455566406, 295.4149169921875]","[437.8063659667969, 401.1040954589844]","[279.2725524902344, 387.8929748535156]","[510.4676818847656, 486.9765625]","[213.21681213378906, 486.9765625]","[602.9457397460938, 526.6100463867188]","[127.34434509277344, 526.6100463867188]","[391.5673522949219, 645.5103149414062]","[292.4837341308594, 638.90478515625]","[391.5673522949219, 837.072021484375]","[285.8781433105469, 830.4664306640625]","[371.7505798339844, 995.605712890625]","[285.8781433105469, 1002.2113037109375]"
"[338.4347229003906, 272.93817138671875]","[358.5301818847656, 252.8427276611328]","[318.33929443359375, 259.5412292480469]","[385.3240661621094, 272.93817138671875]","[304.94232177734375, 279.63665771484375]","[425.5149230957031, 386.81231689453125]","[271.449951171875, 380.11383056640625]","[505.8966979980469, 473.89251708984375]","[217.8621063232422, 487.28948974609375]","[592.9768676757812, 534.1788940429688]","[137.4803466796875, 534.1788940429688]","[392.0225524902344, 627.95751953125]","[291.5453796386719, 627.95751953125]","[392.0225524902344, 822.21337890625]","[284.8468933105469, 815.514892578125]","[371.9270935058594, 996.373779296875]","[298.2438659667969, 989.67529296875]"
"[337.3690490722656, 254.1079864501953]","[351.4535217285156, 240.0234832763672]","[316.2422790527344, 240.0234832763672]","[386.664794921875, 261.1502685546875]","[295.11553955078125, 268.1925048828125]","[421.8760070800781, 366.7840270996094]","[266.946533203125, 366.7840270996094]","[492.2985534667969, 465.3755187988281]","[224.6930389404297, 479.4599914550781]","[569.7632446289062, 542.8402709960938]","[140.18601989746094, 535.7980346679688]","[386.664794921875, 620.3049926757812]","[288.07330322265625, 620.3049926757812]","[379.62255859375, 810.4457397460938]","[288.07330322265625, 810.4457397460938]","[372.5802917480469, 986.5018920898438]","[295.11553955078125, 979.4597778320312]"
"[329.5787658691406, 245.98696899414062]","[344.0281982421875, 224.31289672851562]","[307.9046936035156, 231.53758239746094]","[380.1516418457031, 245.98696899414062]","[293.4553527832031, 260.4363708496094]","[416.2750549316406, 354.35736083984375]","[264.55657958984375, 361.58203125]","[488.5220031738281, 462.72772216796875]","[221.2084197998047, 477.17706298828125]","[560.7688598632812, 542.1992797851562]","[148.9615020751953, 534.9746704101562]","[387.3763427734375, 607.2214965820312]","[293.4553527832031, 599.996826171875]","[387.3763427734375, 795.0634765625]","[293.4553527832031, 787.8388061523438]","[365.7022705078125, 975.6806640625]","[293.4553527832031, 982.9053955078125]"
"[321.35858154296875, 235.3176727294922]","[343.12115478515625, 220.8092498779297]","[306.85009765625, 228.06346130371094]","[379.3922119140625, 242.57188415527344]","[285.0875244140625, 257.080322265625]","[415.66326904296875, 351.38507080078125]","[256.0706787109375, 358.6392517089844]","[480.951171875, 460.19818115234375]","[227.0538330078125, 474.7066345214844]","[553.4932861328125, 539.9945678710938]","[147.25750732421875, 532.7402954101562]","[393.900634765625, 598.0281982421875]","[292.34173583984375, 590.7739868164062]","[393.900634765625, 779.3834228515625]","[292.34173583984375, 779.3834228515625]","[357.629638671875, 931.7218017578125]","[285.0875244140625, 997.0097045898438]"
"[312.1892395019531, 238.8472137451172]","[334.52435302734375, 223.95713806152344]","[297.2991638183594, 231.40216064453125]","[364.3045349121094, 246.29225158691406]","[282.4090881347656, 261.18231201171875]","[408.9747314453125, 350.5227966308594]","[252.62889099121094, 357.9678649902344]","[475.98004150390625, 469.6434326171875]","[222.84873962402344, 477.0884704589844]","[557.8755493164062, 544.0938110351562]","[140.95335388183594, 521.7587280273438]","[394.08465576171875, 603.6541137695312]","[289.8541259765625, 603.6541137695312]","[401.52972412109375, 782.3350219726562]","[289.8541259765625, 789.7800903320312]","[349.4144287109375, 901.4556274414062]","[282.4090881347656, 998.2411499023438]"
"[315.28033447265625, 246.43946838378906]","[329.68023681640625, 232.03956604003906]","[300.8804016113281, 239.23951721191406]","[358.48004150390625, 253.63941955566406]","[279.2805480957031, 260.83941650390625]","[408.87969970703125, 361.63873291015625]","[250.48072814941406, 368.83868408203125]","[473.6792907714844, 484.0379638671875]","[214.48097229003906, 484.0379638671875]","[560.0786743164062, 534.4376220703125]","[128.08152770996094, 520.0377197265625]","[394.47979736328125, 606.4371337890625]","[293.6804504394531, 606.4371337890625]","[416.0796813964844, 757.6361083984375]","[286.4804992675781, 793.6358642578125]","[344.08013916015625, 865.6353759765625]","[272.0805969238281, 1002.4344482421875]"
"[315.2253112792969, 261.24517822265625]","[329.6432189941406, 246.82723999023438]","[293.5983581542969, 246.82723999023438]","[358.4790954589844, 268.45416259765625]","[271.9714660644531, 275.66314697265625]","[408.94189453125, 376.5887451171875]","[250.3445281982422, 383.7977294921875]","[466.6136779785156, 491.9322814941406]","[207.09071350097656, 484.7233581542969]","[560.3303833007812, 520.7681274414062]","[113.37406921386719, 513.5592651367188]","[394.52398681640625, 614.4848022460938]","[293.5983581542969, 621.6937866210938]","[423.3598937988281, 758.6642456054688]","[279.180419921875, 809.1270141601562]","[344.0611877441406, 845.1719360351562]","[264.7624816894531, 989.3512573242188]"
"[317.4940490722656, 267.180908203125]","[331.16815185546875, 253.50680541992188]","[296.9829406738281, 260.3438720703125]","[358.5163269042969, 280.85498046875]","[276.4718017578125, 287.6920166015625]","[399.53857421875, 390.2476806640625]","[249.1236114501953, 390.2476806640625]","[467.9089660644531, 499.640380859375]","[194.4272918701172, 492.80328369140625]","[556.7905883789062, 520.1514892578125]","[105.54571533203125, 513.314453125]","[392.7015075683594, 629.5441284179688]","[290.1458740234375, 636.3811645507812]","[433.7237854003906, 752.6109008789062]","[276.4718017578125, 820.9813232421875]","[351.67926025390625, 848.3295288085938]","[262.7976989746094, 1005.5814208984375]"
"[318.2698059082031, 270.0934143066406]","[338.3994140625, 263.383544921875]","[298.14019775390625, 263.383544921875]","[365.2389221191406, 290.2229919433594]","[278.0105895996094, 290.2229919433594]","[398.7882385253906, 397.5809020996094]","[244.4612274169922, 390.87103271484375]","[465.8869323730469, 498.22894287109375]","[177.362548828125, 498.22894287109375]","[559.8251342773438, 511.648681640625]","[90.13424682617188, 518.3585815429688]","[392.078369140625, 625.7164306640625]","[291.4303283691406, 639.1361694335938]","[439.0474548339844, 746.4940795898438]","[271.30072021484375, 827.0125122070312]","[358.52899169921875, 853.8519897460938]","[264.5908508300781, 1001.4690551757812]"
"[316.0209045410156, 265.39056396484375]","[337.25653076171875, 258.31201171875]","[301.8638000488281, 258.31201171875]","[365.5707092285156, 279.54766845703125]","[280.628173828125, 279.54766845703125]","[400.9634094238281, 385.725830078125]","[245.2354278564453, 385.725830078125]","[478.8273620605469, 484.825439453125]","[174.4499969482422, 491.9039306640625]","[563.7699584960938, 513.1395874023438]","[89.5074462890625, 520.2181396484375]","[393.8848571777344, 619.3177490234375]","[287.7066955566406, 633.474853515625]","[436.3561706542969, 753.8101196289062]","[273.54962158203125, 824.5955200195312]","[358.49212646484375, 881.223876953125]","[266.4710998535156, 1001.55908203125]"
"[322.5777282714844, 252.38156127929688]","[344.1202697753906, 238.01986694335938]","[308.2160339355469, 238.01986694335938]","[365.6628112792969, 266.7432556152344]","[279.49267578125, 266.7432556152344]","[401.5669860839844, 374.45587158203125]","[243.5884552001953, 367.27508544921875]","[473.3753967285156, 474.9876708984375]","[171.78001403808594, 474.9876708984375]","[566.7263793945312, 525.2536010742188]","[92.79075622558594, 518.07275390625]","[394.3861389160156, 611.4236450195312]","[286.67352294921875, 625.7853393554688]","[430.2903137207031, 747.859619140625]","[279.49267578125, 812.4872436523438]","[365.6628112792969, 898.6573486328125]","[272.31182861328125, 984.827392578125]"
"[321.29656982421875, 243.2431182861328]","[343.59271240234375, 228.3790283203125]","[306.4325256347656, 228.3790283203125]","[373.3208923339844, 250.67515563964844]","[284.1363830566406, 250.67515563964844]","[403.049072265625, 354.7237854003906]","[246.9761505126953, 354.7237854003906]","[469.93743896484375, 466.2043762207031]","[187.5198211669922, 458.7723693847656]","[559.1219482421875, 525.6607055664062]","[113.19940185546875, 525.6607055664062]","[395.6170654296875, 599.9811401367188]","[291.56842041015625, 607.4131469726562]","[410.4810791015625, 763.4860229492188]","[284.1363830566406, 800.6463012695312]","[365.88885498046875, 926.9910278320312]","[276.704345703125, 979.0153198242188]"
"[330.582763671875, 231.36671447753906]","[351.4903259277344, 217.42832946777344]","[316.6444091796875, 217.42832946777344]","[379.3670959472656, 238.33590698242188]","[288.7676696777344, 245.30508422851562]","[414.2130432128906, 349.84295654296875]","[253.9217071533203, 349.84295654296875]","[476.9357604980469, 461.3499755859375]","[191.19898986816406, 461.3499755859375]","[560.5659790039062, 538.0110473632812]","[121.50706481933594, 524.0726928710938]","[393.30548095703125, 600.7337646484375]","[288.7676696777344, 600.7337646484375]","[400.274658203125, 788.90185546875]","[281.7984619140625, 795.8710327148438]","[372.3979187011719, 949.1932373046875]","[288.7676696777344, 970.1007690429688]"
"[329.2382507324219, 229.03073120117188]","[350.31317138671875, 214.98080444335938]","[315.1883239746094, 214.98080444335938]","[378.41302490234375, 236.05567932128906]","[294.11346435546875, 243.08065795898438]","[413.5378112792969, 341.43017578125]","[258.9886474609375, 348.45513916015625]","[476.762451171875, 460.8544921875]","[202.78892517089844, 460.8544921875]","[561.06201171875, 538.1290893554688]","[125.51431274414062, 524.0792236328125]","[385.4379577636719, 601.353759765625]","[280.06353759765625, 601.353759765625]","[385.4379577636719, 791.0277709960938]","[287.0885009765625, 791.0277709960938]","[364.3630676269531, 980.70166015625]","[301.1383972167969, 945.576904296875]"
"[331.7622985839844, 236.40713500976562]","[347.15496826171875, 221.01446533203125]","[316.36962890625, 228.71080017089844]","[377.9403076171875, 244.10350036621094]","[293.2806091308594, 244.10350036621094]","[416.42205810546875, 351.852294921875]","[262.4952392578125, 351.852294921875]","[477.99273681640625, 467.29742431640625]","[216.31715393066406, 467.29742431640625]","[562.6525268554688, 536.564453125]","[131.6574249267578, 513.4754638671875]","[385.63665771484375, 598.1351928710938]","[277.887939453125, 598.1351928710938]","[377.9403076171875, 790.5437622070312]","[277.887939453125, 790.5437622070312]","[354.851318359375, 990.6485595703125]","[308.67327880859375, 921.3814697265625]"
"[344.0511779785156, 248.38265991210938]","[358.4786376953125, 233.95518493652344]","[322.409912109375, 233.95518493652344]","[387.3336181640625, 255.59640502929688]","[300.7687072753906, 248.38265991210938]","[416.1885986328125, 363.80255126953125]","[264.70001220703125, 363.80255126953125]","[481.11224365234375, 486.4361572265625]","[221.4175567626953, 479.2223815917969]","[567.6771850585938, 536.9323120117188]","[127.63888549804688, 515.2910766601562]","[387.3336181640625, 609.0697631835938]","[279.12750244140625, 609.0697631835938]","[372.9061279296875, 803.8407592773438]","[279.12750244140625, 789.4132690429688]","[365.6923828125, 998.6117553710938]","[300.7687072753906, 940.9019165039062]"
"[344.6549377441406, 266.7369689941406]","[365.43365478515625, 252.88450622558594]","[330.8024597167969, 252.88450622558594]","[393.1385498046875, 273.6632080078125]","[310.0238037109375, 273.6632080078125]","[427.7696838378906, 384.4829406738281]","[268.4664001464844, 377.5566711425781]","[476.25335693359375, 502.2288818359375]","[219.98277282714844, 488.3763732910156]","[573.2205810546875, 536.8599853515625]","[123.0155029296875, 509.15509033203125]","[386.2123107910156, 633.8272094726562]","[282.31884765625, 626.9010009765625]","[379.2861022949219, 813.9092407226562]","[275.3926086425781, 806.9829711914062]","[365.43365478515625, 1000.9174194335938]","[296.17132568359375, 952.433837890625]"
"[351.7397155761719, 280.04180908203125]","[372.08599853515625, 266.47760009765625]","[338.1755065917969, 266.47760009765625]","[399.21441650390625, 286.82391357421875]","[317.8292236328125, 286.82391357421875]","[433.1249084472656, 402.1195983886719]","[277.1366271972656, 388.5553894042969]","[480.5995788574219, 517.415283203125]","[216.0977325439453, 497.0689697265625]","[582.3311157226562, 530.9794311523438]","[121.14834594726562, 503.85107421875]","[385.65020751953125, 646.2750854492188]","[277.1366271972656, 646.2750854492188]","[378.8681335449219, 836.1738891601562]","[270.3545227050781, 815.8275756835938]","[358.52178955078125, 1005.7262573242188]","[283.9187316894531, 971.8157348632812]"
"[358.53668212890625, 292.7845764160156]","[371.803466796875, 279.5177917480469]","[338.6365051269531, 279.5177917480469]","[398.3370056152344, 299.4179992675781]","[318.7362976074219, 299.4179992675781]","[431.5039978027344, 412.1856689453125]","[278.93597412109375, 398.91888427734375]","[484.5711669921875, 524.953369140625]","[212.6020050048828, 498.4197692871094]","[584.072021484375, 531.5867309570312]","[113.10108947753906, 505.05316162109375]","[385.07025146484375, 657.6212158203125]","[278.93597412109375, 644.3544311523438]","[385.07025146484375, 849.9896240234375]","[265.6691589355469, 823.4560546875]","[358.53668212890625, 1009.1910400390625]","[272.30255126953125, 989.2908325195312]"
"[358.5394592285156, 289.6412353515625]","[378.355712890625, 276.4303894042969]","[345.3286437988281, 276.4303894042969]","[404.77740478515625, 296.24664306640625]","[318.906982421875, 296.24664306640625]","[437.804443359375, 408.5387268066406]","[272.6690673828125, 395.327880859375]","[497.25323486328125, 514.2254028320312]","[213.2202911376953, 494.4091491699219]","[583.1236572265625, 540.6470336914062]","[114.13905334472656, 507.6199645996094]","[384.96112060546875, 652.9391479492188]","[279.27447509765625, 646.3336791992188]","[384.96112060546875, 844.4961547851562]","[266.06365966796875, 831.2853393554688]","[358.5394592285156, 1016.2368774414062]","[266.06365966796875, 996.4207153320312]"
"[365.3612365722656, 278.3338317871094]","[379.05279541015625, 264.64227294921875]","[344.8238830566406, 264.64227294921875]","[406.4359436035156, 285.17962646484375]","[324.2865295410156, 278.3338317871094]","[433.81903076171875, 394.7121887207031]","[269.5202331542969, 381.0205993652344]","[502.27691650390625, 497.3989562988281]","[207.9081573486328, 483.7073669433594]","[584.4263305664062, 545.3193969726562]","[118.9129638671875, 511.09051513671875]","[385.8985900878906, 648.0061645507812]","[276.36602783203125, 641.160400390625]","[385.8985900878906, 832.8423461914062]","[269.5202331542969, 825.99658203125]","[358.51544189453125, 1010.8326416015625]","[269.5202331542969, 990.2953491210938]"
"[358.50390625, 259.9096984863281]","[379.3874816894531, 245.98728942871094]","[344.58148193359375, 245.98728942871094]","[400.2710266113281, 266.87091064453125]","[316.7367248535156, 266.87091064453125]","[435.0770568847656, 378.2500305175781]","[274.9695129394531, 371.2888488769531]","[497.7278137207031, 482.6679992675781]","[212.31874084472656, 468.74560546875]","[581.2621459960938, 545.3187866210938]","[121.82319641113281, 517.4739379882812]","[386.3486633300781, 635.8142700195312]","[281.93072509765625, 628.8530883789062]","[379.3874816894531, 823.7665405273438]","[274.9695129394531, 809.8441772460938]","[358.50390625, 1011.7188110351562]","[274.9695129394531, 976.9129028320312]"
"[358.46728515625, 240.5149383544922]","[373.121826171875, 233.18765258789062]","[343.8127136230469, 225.86036682128906]","[402.43096923828125, 255.1695098876953]","[314.5036315917969, 247.84222412109375]","[431.7401123046875, 365.0787658691406]","[270.5399169921875, 357.75146484375]","[490.35833740234375, 460.33343505859375]","[211.92164611816406, 460.33343505859375]","[570.9584350585938, 540.9335327148438]","[131.321533203125, 518.9517211914062]","[387.77642822265625, 606.8790893554688]","[285.1944580078125, 606.8790893554688]","[373.121826171875, 812.04296875]","[277.8671875, 804.7156372070312]","[365.7945861816406, 1002.5523071289062]","[285.1944580078125, 973.2432250976562]"
"[358.4370422363281, 241.15748596191406]","[373.6970520019531, 225.8974609375]","[335.5469970703125, 225.8974609375]","[396.5870666503906, 248.78749084472656]","[312.6569519042969, 241.15748596191406]","[427.1071472167969, 355.60772705078125]","[266.8768615722656, 347.9776916503906]","[495.7772521972656, 462.4279479980469]","[213.4667510986328, 462.4279479980469]","[572.0774536132812, 538.72802734375]","[137.16661071777344, 523.468017578125]","[388.9571228027344, 592.1381225585938]","[289.76690673828125, 592.1381225585938]","[381.3270568847656, 798.1485595703125]","[282.1368713378906, 798.1485595703125]","[358.4370422363281, 988.8988647460938]","[282.1368713378906, 973.6388549804688]"
"[359.01263427734375, 232.40927124023438]","[374.0712890625, 224.8799591064453]","[336.4246520996094, 217.3506317138672]","[396.6592712402344, 247.4679412841797]","[313.836669921875, 239.93861389160156]","[426.7765808105469, 352.8785095214844]","[268.6607360839844, 352.8785095214844]","[494.5404968261719, 458.2890319824219]","[215.95545959472656, 465.818359375]","[569.8336791992188, 541.1116333007812]","[133.1328887939453, 526.0529174804688]","[396.6592712402344, 593.8168334960938]","[291.24871826171875, 586.2875366210938]","[389.1299133300781, 797.108642578125]","[291.24871826171875, 797.108642578125]","[359.01263427734375, 977.8124389648438]","[283.7193908691406, 985.3417358398438]"
"[356.1412048339844, 238.29022216796875]","[378.6789855957031, 230.7776336669922]","[341.1159973144531, 223.26504516601562]","[401.2167663574219, 245.80282592773438]","[311.06561279296875, 238.29022216796875]","[423.7545471191406, 358.4918212890625]","[265.99005126953125, 358.4918212890625]","[483.8553771972656, 471.1807556152344]","[220.91444396972656, 471.1807556152344]","[566.4939575195312, 538.7941284179688]","[138.27586364746094, 523.7689819335938]","[393.7041931152344, 598.8949584960938]","[288.5278015136719, 591.3823852539062]","[393.7041931152344, 786.7098999023438]","[296.0404052734375, 794.2224731445312]","[363.6537780761719, 967.0122680664062]","[296.0404052734375, 997.0625610351562]"
"[358.48974609375, 252.67947387695312]","[379.79815673828125, 238.47389221191406]","[344.2841491699219, 238.47389221191406]","[401.10650634765625, 259.78228759765625]","[308.7701416015625, 252.67947387695312]","[422.4148864746094, 366.32427978515625]","[266.15338134765625, 366.32427978515625]","[479.2372741699219, 479.968994140625]","[216.4337921142578, 479.968994140625]","[564.4708862304688, 529.6885375976562]","[124.09739685058594, 522.5857543945312]","[401.10650634765625, 600.716552734375]","[294.5645446777344, 600.716552734375]","[394.00372314453125, 792.4920654296875]","[301.6673583984375, 792.4920654296875]","[365.592529296875, 970.06201171875]","[301.6673583984375, 1005.5758666992188]"
"[358.51910400390625, 262.6961669921875]","[378.9462890625, 255.88710021972656]","[338.0919494628906, 249.0780487060547]","[399.3734436035156, 276.31427001953125]","[310.855712890625, 269.5052185058594]","[419.80059814453125, 378.45013427734375]","[263.19232177734375, 378.45013427734375]","[474.2730712890625, 501.0131530761719]","[215.52891540527344, 494.2040710449219]","[562.790771484375, 528.2493896484375]","[127.01116943359375, 521.4403076171875]","[399.3734436035156, 623.576171875]","[297.23760986328125, 623.576171875]","[392.56439208984375, 807.420654296875]","[297.23760986328125, 814.229736328125]","[365.32818603515625, 977.6470947265625]","[304.0466613769531, 1011.6923217773438]"
"[358.5246276855469, 280.1299133300781]","[372.0325622558594, 266.6219482421875]","[338.2626647949219, 266.6219482421875]","[392.2945251464844, 293.63787841796875]","[311.24676513671875, 280.1299133300781]","[419.3104553222656, 394.9476013183594]","[263.9688720703125, 394.9476013183594]","[473.3423156738281, 509.7652893066406]","[209.93702697753906, 503.0113220214844]","[567.8980102539062, 530.0272216796875]","[122.13525390625, 530.0272216796875]","[399.0484924316406, 644.8449096679688]","[297.7388000488281, 644.8449096679688]","[399.0484924316406, 820.4483642578125]","[297.7388000488281, 827.202392578125]","[372.0325622558594, 982.5438842773438]","[304.4927673339844, 1009.559814453125]"
"[358.5344543457031, 295.47320556640625]","[378.50115966796875, 282.16204833984375]","[338.5677185058594, 275.5064697265625]","[391.8123474121094, 302.1287841796875]","[311.9454040527344, 295.47320556640625]","[425.0902404785156, 408.6180419921875]","[265.3563537597656, 408.6180419921875]","[478.3348693847656, 521.7628784179688]","[198.80055236816406, 515.1072998046875]","[571.5128784179688, 535.073974609375]","[112.27804565429688, 535.073974609375]","[398.4679260253906, 654.8744506835938]","[298.6342468261719, 654.8744506835938]","[405.12347412109375, 821.2638549804688]","[291.9786682128906, 841.2305908203125]","[378.50115966796875, 980.9977416992188]","[305.2898254394531, 1007.6199951171875]"
"[358.5374450683594, 293.003662109375]","[378.4139099121094, 286.378173828125]","[338.6609802246094, 279.752685546875]","[391.6649475097656, 306.254638671875]","[312.1590270996094, 299.629150390625]","[424.7923889160156, 412.26251220703125]","[265.78057861328125, 405.63702392578125]","[484.4217834472656, 518.2703857421875]","[199.52565002441406, 511.6448974609375]","[577.1786499023438, 538.1468505859375]","[106.76875305175781, 538.1468505859375]","[404.9159240722656, 650.7802124023438]","[298.90802001953125, 650.7802124023438]","[404.9159240722656, 823.04296875]","[292.28253173828125, 842.91943359375]","[385.0393981933594, 982.0546875]","[305.53350830078125, 1008.556640625]"
"[358.527587890625, 288.7073669433594]","[378.7005920410156, 275.2586669921875]","[345.07891845703125, 275.2586669921875]","[398.87359619140625, 302.1560363769531]","[311.4572448730469, 288.7073669433594]","[425.7709655761719, 403.0211181640625]","[264.3868713378906, 396.2967529296875]","[493.0143127441406, 503.8861389160156]","[203.86781311035156, 503.8861389160156]","[580.4307250976562, 537.5078125]","[116.451416015625, 537.5078125]","[405.59796142578125, 645.0972290039062]","[298.008544921875, 645.0972290039062]","[405.59796142578125, 819.9299926757812]","[291.2842102050781, 833.378662109375]","[385.4248962402344, 981.3140258789062]","[304.7328796386719, 1008.2113647460938]"
"[365.3901062011719, 275.87542724609375]","[386.0237731933594, 262.1196594238281]","[351.63433837890625, 262.1196594238281]","[399.779541015625, 289.6312255859375]","[317.244873046875, 275.87542724609375]","[427.2911071777344, 392.7995910644531]","[269.09967041015625, 385.92169189453125]","[496.0700378417969, 495.9679260253906]","[207.19862365722656, 489.09002685546875]","[578.6046752929688, 544.1132202148438]","[124.66392517089844, 544.1132202148438]","[406.657470703125, 640.4036254882812]","[303.4891052246094, 640.4036254882812]","[406.657470703125, 819.228759765625]","[296.6112060546875, 826.106689453125]","[386.0237731933594, 977.420166015625]","[303.4891052246094, 1004.9318237304688]"
"[365.4725036621094, 266.422607421875]","[386.3809509277344, 252.483642578125]","[351.5335998535156, 252.483642578125]","[407.2893371582031, 273.3920593261719]","[323.65570068359375, 266.422607421875]","[435.1672058105469, 377.93414306640625]","[274.8694152832031, 370.96466064453125]","[490.9230041503906, 482.4761657714844]","[212.14418029785156, 482.4761657714844]","[574.5565795898438, 552.1708984375]","[135.47998046875, 538.23193359375]","[407.2893371582031, 621.8656005859375]","[302.7472839355469, 621.8656005859375]","[400.3198547363281, 810.041259765625]","[302.7472839355469, 810.041259765625]","[386.3809509277344, 977.3084716796875]","[309.7167663574219, 998.2169189453125]"
"[379.3963928222656, 259.7718505859375]","[393.324951171875, 245.84329223632812]","[358.5035705566406, 245.84329223632812]","[407.25347900390625, 266.73614501953125]","[330.646484375, 266.73614501953125]","[442.0747985839844, 371.2001953125]","[281.8966064453125, 371.2001953125]","[497.7889709472656, 475.66424560546875]","[219.2181854248047, 482.62847900390625]","[581.3601684570312, 559.2354736328125]","[142.61119079589844, 538.3426513671875]","[407.25347900390625, 607.9853515625]","[302.7894287109375, 607.9853515625]","[400.2892150878906, 802.9849243164062]","[302.7894287109375, 809.94921875]","[393.324951171875, 977.091552734375]","[316.7179870605469, 991.0202026367188]"
"[379.1457824707031, 261.5653381347656]","[399.7793884277344, 247.8096160888672]","[365.39007568359375, 247.8096160888672]","[413.53515625, 268.4432067871094]","[331.0007629394531, 268.4432067871094]","[441.0466003417969, 378.4890441894531]","[282.855712890625, 371.6111755371094]","[502.9473571777344, 481.6570129394531]","[234.7106475830078, 488.5348815917969]","[585.4817504882812, 557.3134765625]","[152.17626953125, 536.6798706054688]","[406.6572570800781, 626.0921630859375]","[303.4892883300781, 619.2142333984375]","[399.7793884277344, 811.7944946289062]","[303.4892883300781, 811.7944946289062]","[392.90155029296875, 983.7410278320312]","[331.0007629394531, 956.2296142578125]"
"[379.4674987792969, 260.3285827636719]","[400.433837890625, 253.3397979736328]","[365.4898986816406, 246.35101318359375]","[421.400146484375, 274.30615234375]","[337.5347900390625, 274.30615234375]","[449.35528564453125, 386.12664794921875]","[288.61334228515625, 379.13787841796875]","[505.26556396484375, 490.9583740234375]","[246.68064880371094, 490.9583740234375]","[589.1309204101562, 553.8573608398438]","[162.8152618408203, 525.9022827148438]","[407.422607421875, 623.7452392578125]","[302.5909118652344, 623.7452392578125]","[400.433837890625, 805.4535522460938]","[302.5909118652344, 805.4535522460938]","[400.433837890625, 987.1617431640625]","[330.5460205078125, 938.2403564453125]"
